model,loss,binary_accuracy,TP,TN,FP,FN,precision,recall,auc
double_production,0.09649385511875153,0.9617504477500916,1535.0,532928.0,20646.0,610.0,0.06920336931943893,0.7156177163124084,0.9462293386459351
double_extra_production,0.5459532141685486,0.8442396521568298,1159.0,468001.0,85573.0,986.0,0.013363003730773926,0.5403263568878174,0.7774757742881775
double_concat_production,0.16556790471076965,0.9355915784835815,909.0,519017.0,34557.0,1236.0,0.025630181655287743,0.42377620935440063,0.7837923169136047
double_extra_concat_production,0.3506121039390564,0.8826223611831665,855.0,489635.0,63939.0,1290.0,0.01319566648453474,0.3986014127731323,0.7099356055259705
