model,loss,binary_accuracy,TP,TN,FP,FN,precision,recall,auc
double_production,0.020993223413825035,0.9945709705352783,807.0,551895.0,1679.0,1338.0,0.324617862701416,0.37622377276420593,0.9483279585838318
double_extra_production,0.015523796901106834,0.996244490146637,360.0,553272.0,302.0,1785.0,0.5438066720962524,0.1678321659564972,0.85126131772995
double_concat_production,0.015749966725707054,0.996170699596405,376.0,553215.0,359.0,1769.0,0.5115646123886108,0.17529137432575226,0.8575319051742554
double_extra_concat_production,0.017749309539794922,0.996138334274292,30.0,553543.0,31.0,2115.0,0.49180328845977783,0.0139860138297081,0.8394660949707031
